{"match_result": {"confidence_multiplier": 1.4994768741047577, "confidence_threshold": 0.5705149466676602, "decay_factor": 0.9540107788551193, "max_goals": 5.0}, "over_under": {"confidence_multiplier": 1.2853218113108313, "confidence_threshold_o_u": 0.5291747453862, "decay_factor": 0.9642890164047174, "max_goals": 6.0}}